id,title,topic,word_count,turkish_counterpart,path,slug
en-anunnaki,Who Were the Anunnaki? Mesopotamian Gods Beyond the Internet Myth,mesopotamia,1497,yes,/en/who-were-the-anunnaki-mesopotamian-gods-explained,who-were-the-anunnaki-mesopotamian-gods-explained
en-igigi,Who Were the Igigi? The Younger Gods in Mesopotamian Myth,mesopotamia,1439,no,/en/who-were-the-igigi-in-mesopotamian-myth,who-were-the-igigi-in-mesopotamian-myth
en-anunnaki-vs-igigi,Anunnaki vs Igigi: What Is the Difference in Mesopotamian Texts?,mesopotamia,1390,no,/en/anunnaki-vs-igigi-what-is-the-difference,anunnaki-vs-igigi-what-is-the-difference
en-anunnaki-human-creation,Did the Anunnaki Create Humans? What Mesopotamian Tablets Actually Say,mesopotamia,1365,no,/en/did-the-anunnaki-create-humans-what-the-tablets-say,did-the-anunnaki-create-humans-what-the-tablets-say
en-anunnaki-bible,Are the Anunnaki in the Bible? Anunnaki and Nephilim Compared,mesopotamia,1301,no,/en/are-the-anunnaki-in-the-bible-nephilim-comparison,are-the-anunnaki-in-the-bible-nephilim-comparison
en-nibiru,Nibiru and the Twelfth Planet Claim: Where Did the Story Come From?,mesopotamia,1363,yes,/en/nibiru-and-the-twelfth-planet-claim-explained,nibiru-and-the-twelfth-planet-claim-explained
en-enuma-elish,"Enuma Elish Explained: Creation, Marduk and Babylonian Power",mesopotamia,1295,no,/en/enuma-elish-babylonian-creation-epic-explained,enuma-elish-babylonian-creation-epic-explained
en-sumerian-king-list,"The Sumerian King List: Did Kings Really Reign for 28,800 Years?",mesopotamia,1309,yes,/en/sumerian-king-list-did-kings-live-for-28800-years,sumerian-king-list-did-kings-live-for-28800-years
en-phaistos-disc,The Phaistos Disc: Crete’s Unsolved Message Written in 45 Symbols,undeciphered-scripts,1299,yes,/en/phaistos-disc-45-symbols-unsolved-message,phaistos-disc-45-symbols-unsolved-message
en-linear-a,Linear A: Why the Minoan Script Remains Undeciphered,undeciphered-scripts,1263,no,/en/linear-a-why-the-minoan-script-remains-undeciphered,linear-a-why-the-minoan-script-remains-undeciphered
en-rongorongo,Rongorongo: Can Easter Island’s Mysterious Signs Be Deciphered?,undeciphered-scripts,1257,no,/en/rongorongo-easter-islands-undeciphered-script,rongorongo-easter-islands-undeciphered-script
en-indus-script,The Indus Script: Why Thousands of Signs Still Resist Decipherment,undeciphered-scripts,1273,no,/en/indus-script-why-it-has-not-been-deciphered,indus-script-why-it-has-not-been-deciphered
en-cuneiform-decipherment,How Cuneiform Was Deciphered: The Behistun Inscription and a Scholarly Race,undeciphered-scripts,1241,no,/en/how-cuneiform-was-deciphered-behistun-inscription,how-cuneiform-was-deciphered-behistun-inscription
en-reading-sumerian-tablets,How Are Sumerian Tablets Read? From Broken Clay to Modern Translation,undeciphered-scripts,1242,no,/en/how-sumerian-tablets-are-read-and-translated,how-sumerian-tablets-are-read-and-translated
en-antikythera,The Antikythera Mechanism: How the Ancient Greek “Computer” Worked,lost-technology,1193,no,/en/antikythera-mechanism-how-the-ancient-computer-worked,antikythera-mechanism-how-the-ancient-computer-worked
en-roman-concrete,Roman Concrete: Why Some Ancient Harbors Survive After Two Thousand Years,lost-technology,1194,no,/en/roman-concrete-why-ancient-harbors-survive,roman-concrete-why-ancient-harbors-survive
en-baalbek-stones,The Stones of Baalbek: How Were Ancient Megaliths Moved?,lost-technology,1217,yes,/en/baalbek-stones-how-were-ancient-megaliths-moved,baalbek-stones-how-were-ancient-megaliths-moved
en-damascus-steel,"Damascus Steel: What Was Lost, What Survived and What the Pattern Means",lost-technology,1226,no,/en/damascus-steel-what-was-lost-and-what-was-not,damascus-steel-what-was-lost-and-what-was-not
en-ancient-technology-books,Best Books on Lost Ancient Technology: An Evidence-Based Reading Guide,lost-technology,1219,no,/en/best-books-on-lost-ancient-technology-evidence-based-guide,best-books-on-lost-ancient-technology-evidence-based-guide
en-derinkuyu,Derinkuyu Underground City: Who Built It and Why Did People Go Below Ground?,archaeological-mysteries,1190,yes,/en/derinkuyu-underground-city-who-built-it-and-why,derinkuyu-underground-city-who-built-it-and-why
en-gobekli-tepe,Göbekli Tepe: What the Site Really Changed About Prehistory,archaeological-mysteries,1160,no,/en/gobekli-tepe-what-the-site-really-changed,gobekli-tepe-what-the-site-really-changed
en-karahan-tepe,Karahan Tepe and Taş Tepeler: Why One Site Is Not the Whole Story,archaeological-mysteries,1153,yes,/en/karahan-tepe-and-tas-tepeler-why-it-matters,karahan-tepe-and-tas-tepeler-why-it-matters
en-catalhoyuk,Çatalhöyük: Life Inside a Neolithic Settlement Without Streets,archaeological-mysteries,1109,no,/en/catalhoyuk-life-inside-the-neolithic-megasite,catalhoyuk-life-inside-the-neolithic-megasite
en-mohenjo-daro,Mohenjo-daro: What Happened to the Great Indus City?,archaeological-mysteries,1126,no,/en/mohenjo-daro-what-happened-to-the-indus-city,mohenjo-daro-what-happened-to-the-indus-city
en-troy-treasure,Where Is the Treasure of Troy? The Contested Legacy of Schliemann,archaeological-mysteries,1181,yes,/en/troy-treasure-where-is-schliemanns-legacy-now,troy-treasure-where-is-schliemanns-legacy-now
en-tartaria,The Tartaria Myth: Did a Lost Global Empire Really Exist?,myths-vs-evidence,1174,yes,/en/tartaria-myth-did-a-lost-empire-exist,tartaria-myth-did-a-lost-empire-exist
en-piri-reis-map,Does the Piri Reis Map Show Antarctica Without Ice?,myths-vs-evidence,1151,yes,/en/does-the-piri-reis-map-show-antarctica,does-the-piri-reis-map-show-antarctica
en-nazca-lines,The Nazca Lines: Were They Made for Aliens?,myths-vs-evidence,1142,yes,/en/nazca-lines-were-they-made-for-aliens,nazca-lines-were-they-made-for-aliens
en-ancient-aliens-method,How to Check an Ancient Aliens Claim in Five Evidence Tests,myths-vs-evidence,1148,no,/en/how-to-check-ancient-alien-claims,how-to-check-ancient-alien-claims
en-library-alexandria,How Was the Library of Alexandria Destroyed? There Was No Single Fire,myths-vs-evidence,1167,no,/en/library-of-alexandria-how-was-it-destroyed,library-of-alexandria-how-was-it-destroyed
en-bronze-age-collapse,The Bronze Age Collapse: Why Several Civilizations Fell Around 1200 BCE,myths-vs-evidence,1151,no,/en/bronze-age-collapse-why-civilizations-fell-around-1200-bce,bronze-age-collapse-why-civilizations-fell-around-1200-bce
